order_id,customer_id,product_id,amount,currency,order_status,order_date,subscription_status
O1001,C0164,P9008,24.76,INR,completed,2025-09-24,active
O1002,C0027,P9044,446.99,EUR,completed,2025-09-02,canceled
O1003,C0008,P9006,139.0,EUR,completed,2025-09-23,active
O1004,C0167,P9045,331.52,USD,completed,2025-09-26,canceled
O1005,C0002,P9049,485.43,EUR,completed,2025-09-05,canceled
O1006,C0056,P9049,208.59,USD,completed,2025-09-28,canceled
O1007,C0089,P9039,166.07,USD,refunded,2025-09-13,active
O1008,C0021,P9036,182.98,EUR,completed,2025-09-19,canceled
O1009,C0050,P9046,51.04,EUR,completed,2025-09-03,canceled
O1010,C0060,P9007,234.27,INR,completed,2025-09-06,canceled
O1011,C0095,P9023,133.61,INR,refunded,2025-09-20,active
O1012,C0163,P9011,325.14,USD,completed,2025-09-09,canceled
O1013,C0164,P9045,338.6,EUR,completed,2025-09-08,active
O1014,C0009,P9021,246.69,USD,completed,2025-09-07,canceled
O1015,C0168,P9032,243.42,EUR,completed,2025-09-05,canceled
O1016,C0064,P9048,341.21,INR,refunded,2025-09-29,canceled
O1017,C0150,P9026,223.58,USD,completed,2025-09-25,active
O1018,C0013,P9008,100.18,USD,refunded,2025-09-20,canceled
O1019,C0017,P9025,235.16,INR,completed,2025-09-22,active
O1020,C0185,P9008,412.21,EUR,refunded,2025-09-04,canceled
O1021,C0076,P9028,103.31,USD,pending,2025-09-17,canceled
O1022,C0196,P9012,309.53,USD,refunded,2025-09-27,canceled
O1023,C0164,P9033,369.29,USD,completed,2025-09-18,active
O1024,C0200,P9034,551.91,EUR,completed,2025-09-04,active
O1025,C0093,P9020,151.28,USD,refunded,2025-09-03,active
O1026,C0188,P9032,491.45,EUR,refunded,2025-09-22,active
O1027,C0122,P9036,107.42,EUR,refunded,2025-09-07,canceled
O1028,C0139,P9049,440.66,USD,refunded,2025-09-22,canceled
O1029,C0167,P9024,268.48,EUR,completed,2025-09-08,active
O1030,C0017,P9022,22.41,EUR,completed,2025-09-01,active
O1031,C0019,P9046,382.35,USD,completed,2025-09-28,active
O1032,C0085,P9005,313.35,INR,completed,2025-09-18,active
O1033,C0034,P9047,561.95,EUR,completed,2025-09-26,active
O1034,C0122,P9027,122.34,USD,completed,2025-09-14,canceled
O1035,C0106,P9030,519.66,USD,completed,2025-09-02,active
O1036,C0104,P9047,210.19,USD,completed,2025-09-18,active
O1037,C0115,P9009,258.91,INR,completed,2025-09-15,active
O1038,C0141,P9007,39.85,EUR,refunded,2025-09-25,active
O1039,C0061,P9011,249.78,INR,completed,2025-09-29,canceled
O1040,C0016,P9011,233.59,INR,completed,2025-09-10,canceled
O1041,C0109,P9045,574.82,EUR,completed,2025-09-05,canceled
O1042,C0049,P9019,138.44,USD,completed,2025-09-24,active
O1043,C0081,P9004,39.58,INR,completed,2025-09-02,active
O1044,C0131,P9006,512.29,USD,completed,2025-09-13,active
O1045,C0031,P9037,155.27,EUR,completed,2025-09-14,active
O1046,C0169,P9038,343.48,INR,pending,2025-09-22,active
O1047,C0184,P9021,150.82,INR,completed,2025-09-15,canceled
O1048,C0081,P9049,562.08,USD,completed,2025-09-03,active
O1049,C0138,P9014,308.47,USD,pending,2025-09-29,active
O1050,C0063,P9024,178.14,INR,refunded,2025-09-20,canceled
O1051,C0168,P9034,14.62,EUR,completed,2025-09-29,active
O1052,C0035,P9017,78.1,USD,refunded,2025-09-09,active
O1053,C0073,P9039,134.27,INR,completed,2025-09-17,canceled
O1054,C0126,P9017,544.15,USD,completed,2025-09-27,canceled
O1055,C0071,P9003,12.09,USD,completed,2025-09-06,canceled
O1056,C0190,P9029,335.49,INR,completed,2025-09-03,active
O1057,C0177,P9010,331.9,INR,completed,2025-09-14,active
O1058,C0033,P9003,191.87,USD,refunded,2025-09-22,active
O1059,C0064,P9043,70.65,EUR,refunded,2025-09-20,canceled
O1060,C0192,P9010,556.2,USD,refunded,2025-09-29,active
O1061,C0106,P9002,115.82,INR,refunded,2025-09-26,canceled
O1062,C0172,P9048,488.34,INR,completed,2025-09-13,active
O1063,C0010,P9031,141.24,INR,completed,2025-09-08,active
O1064,C0007,P9043,123.95,INR,completed,2025-09-25,active
O1065,C0072,P9023,388.47,INR,completed,2025-09-01,canceled
O1066,C0030,P9017,115.36,INR,completed,2025-09-12,canceled
O1067,C0187,P9021,267.47,EUR,completed,2025-09-09,active
O1068,C0012,P9046,267.27,EUR,pending,2025-09-12,active
O1069,C0111,P9005,569.84,INR,completed,2025-09-24,active
O1070,C0077,P9033,192.48,INR,completed,2025-09-18,canceled
O1071,C0033,P9013,258.06,INR,completed,2025-09-20,active
O1072,C0146,P9020,249.58,USD,completed,2025-09-14,active
O1073,C0149,P9039,396.28,INR,completed,2025-09-17,active
O1074,C0122,P9048,110.12,USD,completed,2025-09-03,canceled
O1075,C0193,P9016,406.95,USD,refunded,2025-09-01,active
O1076,C0012,P9016,590.52,EUR,refunded,2025-09-15,active
O1077,C0107,P9041,349.65,EUR,completed,2025-09-13,canceled
O1078,C0063,P9010,397.07,USD,refunded,2025-09-25,active
O1079,C0109,P9015,113.77,EUR,completed,2025-09-18,active
O1080,C0064,P9008,279.31,INR,completed,2025-09-25,canceled
O1081,C0114,P9040,490.85,EUR,completed,2025-09-29,canceled
O1082,C0041,P9048,518.28,INR,completed,2025-09-27,active
O1083,C0164,P9018,461.83,EUR,completed,2025-09-09,active
O1084,C0113,P9005,430.99,USD,completed,2025-09-29,canceled
O1085,C0139,P9006,91.64,USD,completed,2025-09-23,active
O1086,C0055,P9005,254.77,INR,completed,2025-09-02,canceled
O1087,C0053,P9027,239.79,EUR,pending,2025-09-28,active
O1088,C0196,P9037,234.42,USD,pending,2025-09-25,canceled
O1089,C0100,P9027,327.55,EUR,completed,2025-09-16,active
O1090,C0057,P9018,267.14,USD,completed,2025-09-24,canceled
O1091,C0043,P9030,552.53,EUR,completed,2025-09-19,canceled
O1092,C0145,P9043,25.99,EUR,completed,2025-09-06,canceled
O1093,C0013,P9017,233.67,USD,completed,2025-09-25,canceled
O1094,C0098,P9018,453.69,INR,completed,2025-09-16,active
O1095,C0005,P9048,328.26,INR,completed,2025-09-25,active
O1096,C0167,P9003,455.0,USD,completed,2025-09-20,active
O1097,C0040,P9016,84.47,EUR,completed,2025-09-15,active
O1098,C0180,P9017,462.47,USD,completed,2025-09-25,active
O1099,C0042,P9020,73.78,USD,pending,2025-09-13,canceled
O1100,C0184,P9013,54.84,EUR,refunded,2025-09-04,active
O1101,C0179,P9050,187.93,EUR,completed,2025-09-26,active
O1102,C0145,P9003,214.85,INR,completed,2025-09-17,active
O1103,C0166,P9022,17.46,INR,refunded,2025-09-14,active
O1104,C0093,P9041,536.03,INR,refunded,2025-09-06,canceled
O1105,C0188,P9034,579.63,INR,completed,2025-09-15,canceled
O1106,C0112,P9047,359.56,INR,refunded,2025-09-09,active
O1107,C0116,P9016,452.78,EUR,completed,2025-09-11,canceled
O1108,C0008,P9032,512.06,USD,completed,2025-09-26,canceled
O1109,C0067,P9022,175.0,EUR,refunded,2025-09-18,canceled
O1110,C0003,P9034,569.36,USD,completed,2025-09-16,canceled
O1111,C0143,P9049,151.79,INR,completed,2025-09-15,canceled
O1112,C0005,P9006,183.6,INR,completed,2025-09-22,canceled
O1113,C0149,P9024,289.22,EUR,completed,2025-09-12,canceled
O1114,C0180,P9030,169.84,INR,completed,2025-09-11,active
O1115,C0031,P9048,326.16,EUR,completed,2025-09-24,active
O1116,C0124,P9018,437.51,EUR,completed,2025-09-27,active
O1117,C0050,P9019,144.22,USD,completed,2025-09-09,active
O1118,C0012,P9004,336.48,EUR,pending,2025-09-04,canceled
O1119,C0004,P9037,177.76,INR,completed,2025-09-02,active
O1120,C0065,P9031,77.31,USD,completed,2025-09-19,active
O1121,C0162,P9044,41.63,USD,refunded,2025-09-03,canceled
O1122,C0064,P9008,339.26,INR,completed,2025-09-25,active
O1123,C0134,P9025,275.8,INR,completed,2025-09-10,canceled
O1124,C0146,P9040,45.54,EUR,completed,2025-09-21,active
O1125,C0055,P9017,399.65,USD,completed,2025-09-06,active
O1126,C0001,P9027,275.8,EUR,completed,2025-09-08,active
O1127,C0074,P9046,176.8,INR,completed,2025-09-09,active
O1128,C0161,P9038,400.1,USD,completed,2025-09-21,active
O1129,C0039,P9018,497.71,USD,completed,2025-09-20,canceled
O1130,C0192,P9037,553.5,INR,completed,2025-09-23,canceled
O1131,C0104,P9018,305.28,INR,completed,2025-09-29,active
O1132,C0111,P9048,200.17,INR,completed,2025-09-22,active
O1133,C0148,P9038,570.96,EUR,refunded,2025-09-25,active
O1134,C0194,P9012,287.6,EUR,completed,2025-09-06,canceled
O1135,C0150,P9028,384.52,INR,pending,2025-09-12,canceled
O1136,C0105,P9022,199.42,USD,refunded,2025-09-14,canceled
O1137,C0178,P9032,180.05,INR,refunded,2025-09-15,active
O1138,C0023,P9021,158.92,USD,pending,2025-09-28,canceled
O1139,C0132,P9001,398.02,EUR,completed,2025-09-07,active
O1140,C0133,P9024,377.35,INR,completed,2025-09-07,active
O1141,C0069,P9036,87.3,INR,completed,2025-09-04,canceled
O1142,C0008,P9041,369.23,USD,refunded,2025-09-18,canceled
O1143,C0004,P9036,250.71,USD,pending,2025-09-15,active
O1144,C0031,P9042,500.96,INR,pending,2025-09-17,canceled
O1145,C0181,P9018,255.14,INR,pending,2025-09-15,active
O1146,C0142,P9010,236.32,EUR,completed,2025-09-28,active
O1147,C0018,P9018,465.88,INR,completed,2025-09-27,canceled
O1148,C0001,P9019,438.37,EUR,completed,2025-09-28,canceled
O1149,C0039,P9029,327.76,INR,completed,2025-09-15,canceled
O1150,C0083,P9013,588.66,USD,completed,2025-09-28,active
O1151,C0199,P9027,35.75,EUR,completed,2025-09-13,canceled
O1152,C0170,P9042,588.68,INR,pending,2025-09-17,active
O1153,C0152,P9022,523.12,INR,completed,2025-09-01,canceled
O1154,C0185,P9010,251.89,EUR,pending,2025-09-16,active
O1155,C0068,P9022,377.72,INR,completed,2025-09-28,canceled
O1156,C0173,P9035,234.21,INR,completed,2025-09-28,canceled
O1157,C0139,P9003,374.3,USD,completed,2025-09-08,canceled
O1158,C0192,P9006,266.04,USD,refunded,2025-09-15,active
O1159,C0043,P9045,186.68,USD,completed,2025-09-10,active
O1160,C0092,P9024,264.11,USD,completed,2025-09-06,active
O1161,C0045,P9006,369.6,INR,completed,2025-09-16,active
O1162,C0150,P9010,146.99,EUR,completed,2025-09-22,canceled
O1163,C0003,P9030,541.71,EUR,completed,2025-09-15,active
O1164,C0089,P9038,186.5,INR,completed,2025-09-28,canceled
O1165,C0078,P9013,599.63,INR,completed,2025-09-19,canceled
O1166,C0092,P9037,184.56,EUR,completed,2025-09-09,canceled
O1167,C0003,P9037,520.39,EUR,pending,2025-09-27,canceled
O1168,C0074,P9050,481.33,EUR,refunded,2025-09-21,active
O1169,C0049,P9040,157.87,EUR,refunded,2025-09-21,active
O1170,C0025,P9041,391.34,INR,refunded,2025-09-19,active
O1171,C0094,P9047,87.53,INR,completed,2025-09-06,canceled
O1172,C0052,P9009,474.04,INR,completed,2025-09-27,canceled
O1173,C0043,P9017,549.29,INR,pending,2025-09-24,canceled
O1174,C0087,P9008,286.32,USD,completed,2025-09-28,active
O1175,C0174,P9047,407.9,INR,pending,2025-09-03,canceled
O1176,C0102,P9001,166.03,USD,completed,2025-09-19,canceled
O1177,C0098,P9041,564.77,USD,completed,2025-09-01,canceled
O1178,C0159,P9036,203.52,EUR,completed,2025-09-21,active
O1179,C0119,P9045,188.29,INR,completed,2025-09-02,active
O1180,C0078,P9032,78.51,USD,refunded,2025-09-13,active
O1181,C0117,P9024,405.59,EUR,completed,2025-09-19,canceled
O1182,C0191,P9047,101.17,INR,completed,2025-09-20,canceled
O1183,C0105,P9018,29.3,INR,completed,2025-09-08,canceled
O1184,C0093,P9007,588.75,INR,completed,2025-09-02,canceled
O1185,C0102,P9018,121.99,USD,pending,2025-09-03,canceled
O1186,C0170,P9014,388.61,EUR,pending,2025-09-26,active
O1187,C0086,P9016,593.4,EUR,completed,2025-09-19,active
O1188,C0056,P9015,203.85,USD,refunded,2025-09-09,active
O1189,C0038,P9009,328.73,USD,completed,2025-09-05,active
O1190,C0004,P9023,476.09,USD,completed,2025-09-06,active
O1191,C0068,P9004,84.79,INR,completed,2025-09-16,active
O1192,C0115,P9050,223.6,EUR,completed,2025-09-20,active
O1193,C0012,P9047,472.1,EUR,completed,2025-09-21,canceled
O1194,C0008,P9004,599.17,INR,completed,2025-09-16,active
O1195,C0183,P9029,53.36,USD,completed,2025-09-03,active
O1196,C0033,P9018,378.35,EUR,completed,2025-09-13,canceled
O1197,C0153,P9034,183.99,EUR,completed,2025-09-26,active
O1198,C0180,P9008,513.15,EUR,refunded,2025-09-14,active
O1199,C0116,P9015,254.15,INR,completed,2025-09-11,active
O1200,C0110,P9021,402.41,INR,pending,2025-09-03,canceled
O1201,C0024,P9006,65.01,USD,refunded,2025-09-26,canceled
O1202,C0034,P9036,45.39,EUR,completed,2025-09-14,active
O1203,C0091,P9043,565.27,INR,refunded,2025-09-10,active
O1204,C0154,P9020,217.47,EUR,completed,2025-09-22,active
O1205,C0124,P9015,509.89,INR,refunded,2025-09-04,canceled
O1206,C0196,P9018,348.72,INR,refunded,2025-09-20,active
O1207,C0169,P9045,167.79,USD,completed,2025-09-11,canceled
O1208,C0090,P9001,117.03,USD,completed,2025-09-03,canceled
O1209,C0037,P9048,383.57,USD,completed,2025-09-13,active
O1210,C0108,P9030,211.13,INR,completed,2025-09-25,canceled
O1211,C0146,P9039,60.12,USD,completed,2025-09-22,active
O1212,C0021,P9018,271.44,INR,completed,2025-09-14,canceled
O1213,C0070,P9014,455.42,USD,completed,2025-09-10,active
O1214,C0174,P9044,359.95,EUR,completed,2025-09-08,active
O1215,C0102,P9039,42.32,USD,completed,2025-09-25,active
O1216,C0036,P9049,160.76,INR,completed,2025-09-24,canceled
O1217,C0111,P9012,86.22,EUR,refunded,2025-09-03,canceled
O1218,C0102,P9048,34.96,USD,completed,2025-09-28,active
O1219,C0081,P9037,263.28,INR,refunded,2025-09-10,canceled
O1220,C0030,P9026,22.31,INR,completed,2025-09-27,canceled
O1221,C0177,P9024,62.0,USD,completed,2025-09-17,canceled
O1222,C0021,P9026,523.61,EUR,completed,2025-09-25,canceled
O1223,C0044,P9005,311.19,USD,completed,2025-09-29,active
O1224,C0199,P9023,217.15,EUR,refunded,2025-09-04,active
O1225,C0038,P9017,126.39,EUR,completed,2025-09-06,active
O1226,C0198,P9041,301.53,EUR,refunded,2025-09-22,canceled
O1227,C0145,P9042,384.83,EUR,completed,2025-09-05,canceled
O1228,C0113,P9005,286.66,EUR,completed,2025-09-19,canceled
O1229,C0015,P9023,309.33,INR,completed,2025-09-02,active
O1230,C0095,P9019,55.27,USD,completed,2025-09-15,canceled
O1231,C0149,P9036,573.0,EUR,refunded,2025-09-26,canceled
O1232,C0147,P9042,121.06,EUR,completed,2025-09-02,active
O1233,C0116,P9007,488.47,INR,pending,2025-09-17,active
O1234,C0166,P9012,33.09,EUR,completed,2025-09-17,canceled
O1235,C0134,P9040,103.66,INR,pending,2025-09-14,canceled
O1236,C0199,P9022,410.55,USD,refunded,2025-09-03,canceled
O1237,C0085,P9007,339.2,INR,completed,2025-09-11,active
O1238,C0021,P9038,401.53,INR,completed,2025-09-05,canceled
O1239,C0153,P9046,563.42,INR,completed,2025-09-27,canceled
O1240,C0033,P9043,424.67,EUR,pending,2025-09-21,active
O1241,C0172,P9028,310.01,USD,completed,2025-09-07,active
O1242,C0088,P9050,296.9,USD,pending,2025-09-03,active
O1243,C0076,P9007,309.54,EUR,refunded,2025-09-22,active
O1244,C0087,P9050,374.64,EUR,completed,2025-09-06,active
O1245,C0178,P9050,378.6,USD,refunded,2025-09-14,active
O1246,C0094,P9044,434.56,INR,completed,2025-09-08,canceled
O1247,C0137,P9016,192.59,INR,pending,2025-09-12,active
O1248,C0174,P9037,590.82,INR,refunded,2025-09-17,canceled
O1249,C0136,P9027,580.1,USD,refunded,2025-09-28,active
O1250,C0065,P9004,388.3,INR,completed,2025-09-23,active
O1251,C0133,P9008,178.19,USD,completed,2025-09-27,active
O1252,C0112,P9006,568.38,USD,refunded,2025-09-01,canceled
O1253,C0107,P9004,243.91,INR,completed,2025-09-12,active
O1254,C0058,P9002,198.02,USD,refunded,2025-09-26,canceled
O1255,C0038,P9009,32.6,INR,completed,2025-09-25,active
O1256,C0181,P9031,274.67,USD,pending,2025-09-09,active
O1257,C0056,P9010,333.79,EUR,completed,2025-09-04,canceled
O1258,C0199,P9019,150.21,USD,completed,2025-09-21,canceled
O1259,C0160,P9030,47.06,INR,completed,2025-09-21,active
O1260,C0132,P9037,152.74,USD,completed,2025-09-20,active
O1261,C0091,P9016,346.69,USD,completed,2025-09-17,active
O1262,C0093,P9005,572.51,EUR,completed,2025-09-13,active
O1263,C0121,P9003,385.05,INR,completed,2025-09-12,active
O1264,C0018,P9023,152.26,EUR,completed,2025-09-05,canceled
O1265,C0012,P9023,332.15,EUR,completed,2025-09-23,canceled
O1266,C0123,P9041,117.54,USD,completed,2025-09-02,canceled
O1267,C0076,P9013,35.85,USD,refunded,2025-09-10,canceled
O1268,C0132,P9026,593.58,EUR,completed,2025-09-25,active
O1269,C0166,P9013,178.81,USD,refunded,2025-09-09,canceled
O1270,C0032,P9024,267.8,INR,refunded,2025-09-11,canceled
O1271,C0048,P9032,418.32,INR,pending,2025-09-26,canceled
O1272,C0022,P9047,260.45,INR,completed,2025-09-18,active
O1273,C0076,P9021,70.53,INR,completed,2025-09-15,canceled
O1274,C0155,P9046,261.41,EUR,completed,2025-09-02,canceled
O1275,C0187,P9023,372.76,INR,completed,2025-09-03,active
O1276,C0172,P9041,249.66,EUR,refunded,2025-09-01,active
O1277,C0037,P9039,410.07,INR,completed,2025-09-08,active
O1278,C0200,P9042,226.13,INR,pending,2025-09-20,active
O1279,C0040,P9044,275.45,INR,completed,2025-09-19,active
O1280,C0036,P9034,226.5,INR,completed,2025-09-04,active
O1281,C0007,P9048,119.77,EUR,completed,2025-09-09,active
O1282,C0199,P9017,425.38,USD,pending,2025-09-23,canceled
O1283,C0126,P9013,82.36,USD,completed,2025-09-03,canceled
O1284,C0175,P9021,404.03,EUR,completed,2025-09-29,canceled
O1285,C0077,P9011,429.97,EUR,completed,2025-09-17,canceled
O1286,C0058,P9008,591.23,USD,completed,2025-09-01,canceled
O1287,C0093,P9036,347.64,INR,refunded,2025-09-20,active
O1288,C0023,P9005,192.48,EUR,refunded,2025-09-25,canceled
O1289,C0105,P9037,53.51,INR,completed,2025-09-15,canceled
O1290,C0175,P9034,213.26,EUR,completed,2025-09-25,active
O1291,C0034,P9028,306.69,USD,refunded,2025-09-10,active
O1292,C0043,P9011,200.37,EUR,completed,2025-09-28,canceled
O1293,C0021,P9017,125.82,EUR,completed,2025-09-20,canceled
O1294,C0137,P9006,306.52,USD,completed,2025-09-06,active
O1295,C0169,P9040,435.17,EUR,completed,2025-09-27,active
O1296,C0008,P9006,36.82,EUR,refunded,2025-09-21,canceled
O1297,C0054,P9050,347.56,EUR,completed,2025-09-29,canceled
O1298,C0161,P9035,180.91,INR,completed,2025-09-10,canceled
O1299,C0117,P9005,416.28,USD,completed,2025-09-15,canceled
O1300,C0053,P9022,367.93,INR,refunded,2025-09-24,canceled
O1301,C0089,P9026,87.15,INR,completed,2025-09-11,active
O1302,C0062,P9030,82.29,INR,completed,2025-09-02,active
O1303,C0075,P9025,519.86,INR,completed,2025-09-27,active
O1304,C0084,P9037,435.47,USD,refunded,2025-09-17,canceled
O1305,C0120,P9032,528.65,INR,completed,2025-09-17,canceled
O1306,C0118,P9016,136.94,INR,completed,2025-09-16,canceled
O1307,C0153,P9042,406.79,INR,completed,2025-09-14,active
O1308,C0035,P9017,439.23,INR,completed,2025-09-02,canceled
O1309,C0146,P9036,124.85,EUR,completed,2025-09-17,canceled
O1310,C0116,P9049,334.42,EUR,completed,2025-09-05,active
O1311,C0025,P9026,230.19,INR,completed,2025-09-25,canceled
O1312,C0037,P9013,365.45,INR,completed,2025-09-02,active
O1313,C0036,P9046,206.49,INR,completed,2025-09-20,active
O1314,C0132,P9009,203.5,EUR,completed,2025-09-20,canceled
O1315,C0190,P9020,360.3,EUR,refunded,2025-09-23,canceled
O1316,C0145,P9020,290.19,USD,completed,2025-09-14,active
O1317,C0150,P9020,480.09,EUR,refunded,2025-09-20,active
O1318,C0122,P9017,580.57,EUR,completed,2025-09-19,active
O1319,C0123,P9011,319.3,EUR,completed,2025-09-05,canceled
O1320,C0175,P9016,28.63,EUR,completed,2025-09-15,active
O1321,C0081,P9027,99.34,EUR,completed,2025-09-28,canceled
O1322,C0189,P9047,46.75,USD,completed,2025-09-22,canceled
O1323,C0123,P9034,232.33,USD,completed,2025-09-18,canceled
O1324,C0091,P9044,465.47,EUR,completed,2025-09-20,canceled
O1325,C0124,P9013,574.83,INR,completed,2025-09-10,active
O1326,C0198,P9019,425.89,EUR,refunded,2025-09-16,canceled
O1327,C0090,P9036,560.88,EUR,completed,2025-09-19,active
O1328,C0174,P9035,234.02,INR,refunded,2025-09-10,active
O1329,C0011,P9019,573.64,USD,completed,2025-09-21,canceled
O1330,C0066,P9048,292.66,USD,refunded,2025-09-18,canceled
O1331,C0179,P9018,90.99,EUR,refunded,2025-09-08,active
O1332,C0013,P9043,544.06,USD,completed,2025-09-04,active
O1333,C0106,P9022,433.24,USD,completed,2025-09-01,active
O1334,C0141,P9011,250.08,INR,completed,2025-09-25,active
O1335,C0074,P9021,178.4,USD,pending,2025-09-21,active
O1336,C0147,P9015,325.74,EUR,refunded,2025-09-06,active
O1337,C0107,P9012,561.01,USD,pending,2025-09-26,canceled
O1338,C0127,P9012,562.6,INR,refunded,2025-09-10,active
O1339,C0146,P9039,73.31,INR,completed,2025-09-29,canceled
O1340,C0035,P9033,286.13,USD,refunded,2025-09-06,canceled
O1341,C0188,P9030,392.49,EUR,completed,2025-09-26,canceled
O1342,C0076,P9037,407.9,USD,completed,2025-09-27,canceled
O1343,C0110,P9033,203.48,INR,completed,2025-09-05,active
O1344,C0123,P9021,562.14,USD,completed,2025-09-15,active
O1345,C0193,P9018,572.88,INR,completed,2025-09-09,active
O1346,C0168,P9024,418.73,USD,completed,2025-09-10,canceled
O1347,C0041,P9026,414.78,EUR,refunded,2025-09-21,active
O1348,C0076,P9024,372.63,USD,pending,2025-09-05,canceled
O1349,C0117,P9048,593.41,INR,completed,2025-09-25,canceled
O1350,C0138,P9043,497.11,USD,completed,2025-09-17,active
O1351,C0115,P9034,425.22,USD,pending,2025-09-02,active
O1352,C0141,P9033,129.27,EUR,completed,2025-09-28,canceled
O1353,C0134,P9029,78.58,USD,refunded,2025-09-03,canceled
O1354,C0131,P9029,487.13,INR,completed,2025-09-15,canceled
O1355,C0145,P9004,339.69,EUR,refunded,2025-09-13,active
O1356,C0066,P9001,450.02,EUR,completed,2025-09-12,canceled
O1357,C0180,P9005,329.29,USD,pending,2025-09-16,active
O1358,C0009,P9019,251.23,USD,refunded,2025-09-12,canceled
O1359,C0098,P9029,523.08,INR,completed,2025-09-21,active
O1360,C0090,P9008,115.3,EUR,completed,2025-09-24,active
O1361,C0058,P9001,456.15,INR,completed,2025-09-18,canceled
O1362,C0098,P9015,156.03,INR,completed,2025-09-29,active
O1363,C0186,P9049,76.58,EUR,completed,2025-09-08,active
O1364,C0053,P9005,69.53,USD,completed,2025-09-08,active
O1365,C0190,P9003,247.34,USD,completed,2025-09-05,active
O1366,C0129,P9019,148.16,EUR,completed,2025-09-08,canceled
O1367,C0078,P9010,591.56,EUR,completed,2025-09-09,canceled
O1368,C0016,P9036,569.63,EUR,pending,2025-09-18,canceled
O1369,C0127,P9004,583.65,EUR,completed,2025-09-23,canceled
O1370,C0107,P9027,98.04,INR,completed,2025-09-08,canceled
O1371,C0058,P9020,515.95,USD,refunded,2025-09-18,active
O1372,C0106,P9027,338.8,USD,completed,2025-09-07,canceled
O1373,C0085,P9042,56.65,INR,refunded,2025-09-18,active
O1374,C0186,P9013,40.41,INR,completed,2025-09-28,active
O1375,C0019,P9013,484.74,EUR,refunded,2025-09-16,active
O1376,C0054,P9022,188.88,USD,completed,2025-09-24,active
O1377,C0031,P9048,599.75,INR,pending,2025-09-13,active
O1378,C0062,P9036,199.75,INR,completed,2025-09-10,canceled
O1379,C0067,P9024,312.56,INR,completed,2025-09-25,canceled
O1380,C0082,P9014,228.72,INR,completed,2025-09-24,active
O1381,C0038,P9002,163.86,EUR,completed,2025-09-10,canceled
O1382,C0040,P9013,204.62,INR,completed,2025-09-16,active
O1383,C0141,P9042,566.64,INR,completed,2025-09-24,canceled
O1384,C0165,P9048,299.45,USD,refunded,2025-09-06,canceled
O1385,C0036,P9047,332.46,USD,pending,2025-09-17,active
O1386,C0009,P9005,567.66,EUR,completed,2025-09-14,active
O1387,C0036,P9041,146.55,EUR,completed,2025-09-17,active
O1388,C0117,P9024,45.67,EUR,completed,2025-09-22,canceled
O1389,C0125,P9002,13.9,EUR,completed,2025-09-17,active
O1390,C0185,P9018,326.09,INR,completed,2025-09-26,canceled
O1391,C0046,P9007,551.65,EUR,completed,2025-09-20,active
O1392,C0135,P9017,490.98,INR,refunded,2025-09-12,active
O1393,C0104,P9030,343.35,EUR,completed,2025-09-21,active
O1394,C0167,P9049,28.69,INR,completed,2025-09-02,canceled
O1395,C0164,P9001,424.68,USD,completed,2025-09-21,canceled
O1396,C0085,P9037,586.62,USD,refunded,2025-09-08,active
O1397,C0055,P9045,533.66,INR,completed,2025-09-22,active
O1398,C0072,P9035,342.47,USD,completed,2025-09-01,canceled
O1399,C0054,P9038,95.07,EUR,refunded,2025-09-10,active
O1400,C0042,P9037,151.88,INR,completed,2025-09-13,canceled
O1401,C0194,P9048,92.57,EUR,refunded,2025-09-02,canceled
O1402,C0026,P9028,146.96,USD,completed,2025-09-25,canceled
O1403,C0084,P9002,384.13,INR,completed,2025-09-18,canceled
O1404,C0097,P9028,119.59,EUR,completed,2025-09-25,active
O1405,C0159,P9019,480.85,EUR,completed,2025-09-05,canceled
O1406,C0098,P9046,472.5,USD,refunded,2025-09-12,canceled
O1407,C0028,P9006,13.07,INR,completed,2025-09-04,canceled
O1408,C0034,P9006,120.56,INR,completed,2025-09-04,canceled
O1409,C0007,P9006,218.81,USD,completed,2025-09-28,canceled
O1410,C0099,P9001,182.19,INR,refunded,2025-09-19,active
O1411,C0134,P9011,414.34,USD,completed,2025-09-09,canceled
O1412,C0127,P9010,47.33,INR,completed,2025-09-16,canceled
O1413,C0020,P9024,158.5,USD,refunded,2025-09-20,canceled
O1414,C0158,P9013,280.14,USD,completed,2025-09-11,canceled
O1415,C0159,P9025,484.41,INR,completed,2025-09-27,canceled
O1416,C0167,P9039,90.31,INR,completed,2025-09-16,active
O1417,C0081,P9012,579.1,INR,completed,2025-09-19,canceled
O1418,C0063,P9021,231.87,INR,completed,2025-09-19,active
O1419,C0140,P9012,412.21,EUR,completed,2025-09-23,canceled
O1420,C0054,P9029,480.63,EUR,completed,2025-09-22,canceled
O1421,C0128,P9009,383.67,USD,completed,2025-09-23,active
O1422,C0109,P9025,53.64,EUR,completed,2025-09-18,canceled
O1423,C0130,P9045,256.8,USD,refunded,2025-09-23,canceled
O1424,C0138,P9039,386.53,USD,completed,2025-09-22,active
O1425,C0171,P9023,108.14,EUR,completed,2025-09-25,canceled
O1426,C0085,P9028,72.51,USD,completed,2025-09-15,active
O1427,C0096,P9026,283.21,EUR,completed,2025-09-12,active
O1428,C0007,P9031,71.68,INR,pending,2025-09-04,active
O1429,C0187,P9010,215.51,INR,completed,2025-09-17,active
O1430,C0124,P9023,290.94,INR,refunded,2025-09-11,canceled
O1431,C0018,P9020,36.36,EUR,completed,2025-09-21,canceled
O1432,C0028,P9044,482.03,EUR,completed,2025-09-18,active
O1433,C0041,P9022,340.31,INR,completed,2025-09-21,canceled
O1434,C0048,P9012,387.88,INR,completed,2025-09-15,active
O1435,C0152,P9028,239.41,EUR,completed,2025-09-25,canceled
O1436,C0181,P9005,350.64,EUR,completed,2025-09-07,canceled
O1437,C0118,P9008,164.79,INR,completed,2025-09-20,canceled
O1438,C0100,P9040,241.6,USD,completed,2025-09-20,canceled
O1439,C0045,P9044,426.53,INR,pending,2025-09-22,active
O1440,C0035,P9021,79.54,INR,completed,2025-09-23,canceled
O1441,C0037,P9033,239.19,EUR,completed,2025-09-14,canceled
O1442,C0048,P9032,384.95,EUR,pending,2025-09-18,active
O1443,C0043,P9032,180.41,USD,completed,2025-09-20,canceled
O1444,C0014,P9023,571.59,INR,completed,2025-09-18,canceled
O1445,C0130,P9042,302.03,EUR,completed,2025-09-16,canceled
O1446,C0043,P9006,343.58,USD,completed,2025-09-08,canceled
O1447,C0138,P9019,109.24,INR,completed,2025-09-18,canceled
O1448,C0131,P9008,347.9,INR,refunded,2025-09-18,canceled
O1449,C0194,P9003,458.4,INR,completed,2025-09-04,canceled
O1450,C0189,P9042,453.29,INR,refunded,2025-09-15,active
O1451,C0068,P9023,518.7,USD,completed,2025-09-25,active
O1452,C0061,P9014,488.31,EUR,completed,2025-09-06,canceled
O1453,C0158,P9009,473.06,USD,refunded,2025-09-18,canceled
O1454,C0072,P9039,327.87,INR,pending,2025-09-10,canceled
O1455,C0147,P9018,571.91,EUR,pending,2025-09-05,active
O1456,C0193,P9027,552.07,INR,refunded,2025-09-23,active
O1457,C0034,P9016,96.28,INR,refunded,2025-09-16,canceled
O1458,C0037,P9037,383.12,EUR,completed,2025-09-03,canceled
O1459,C0163,P9050,64.93,EUR,refunded,2025-09-15,canceled
O1460,C0125,P9021,353.35,EUR,completed,2025-09-21,canceled
O1461,C0171,P9045,221.35,USD,refunded,2025-09-07,canceled
O1462,C0110,P9014,301.88,INR,refunded,2025-09-18,canceled
O1463,C0148,P9009,344.02,INR,refunded,2025-09-02,active
O1464,C0026,P9041,472.49,INR,completed,2025-09-15,active
O1465,C0117,P9001,595.18,INR,completed,2025-09-29,active
O1466,C0167,P9020,103.8,INR,completed,2025-09-09,canceled
O1467,C0022,P9024,402.06,EUR,completed,2025-09-21,canceled
O1468,C0079,P9047,422.67,USD,completed,2025-09-23,active
O1469,C0025,P9001,135.92,USD,completed,2025-09-17,active
O1470,C0175,P9029,15.48,EUR,completed,2025-09-28,active
O1471,C0109,P9045,87.98,USD,completed,2025-09-24,active
O1472,C0027,P9007,194.88,INR,completed,2025-09-21,active
O1473,C0174,P9010,50.36,EUR,completed,2025-09-15,active
O1474,C0090,P9047,135.7,EUR,completed,2025-09-20,canceled
O1475,C0176,P9029,517.38,USD,refunded,2025-09-25,active
O1476,C0032,P9038,440.71,INR,pending,2025-09-26,canceled
O1477,C0036,P9016,173.41,USD,completed,2025-09-25,canceled
O1478,C0177,P9002,510.26,EUR,refunded,2025-09-17,active
O1479,C0156,P9033,121.3,INR,completed,2025-09-26,active
O1480,C0062,P9032,237.67,USD,completed,2025-09-17,active
O1481,C0004,P9024,561.02,USD,completed,2025-09-12,canceled
O1482,C0140,P9044,111.93,INR,pending,2025-09-01,active
O1483,C0151,P9005,18.14,USD,completed,2025-09-26,active
O1484,C0102,P9033,179.03,EUR,completed,2025-09-14,canceled
O1485,C0180,P9026,58.63,EUR,completed,2025-09-09,active
O1486,C0022,P9020,56.62,USD,pending,2025-09-18,active
O1487,C0084,P9026,356.0,EUR,completed,2025-09-10,active
O1488,C0179,P9028,440.68,USD,completed,2025-09-14,active
O1489,C0030,P9030,371.26,USD,completed,2025-09-04,active
O1490,C0004,P9046,90.95,USD,completed,2025-09-17,canceled
O1491,C0133,P9047,162.96,INR,completed,2025-09-24,canceled
O1492,C0031,P9050,540.94,INR,refunded,2025-09-17,canceled
O1493,C0017,P9017,430.27,EUR,completed,2025-09-15,canceled
O1494,C0131,P9024,42.71,EUR,completed,2025-09-09,active
O1495,C0198,P9007,537.62,EUR,refunded,2025-09-24,active
O1496,C0131,P9001,35.98,USD,completed,2025-09-12,canceled
O1497,C0099,P9010,115.59,USD,completed,2025-09-08,canceled
O1498,C0083,P9016,255.59,EUR,completed,2025-09-19,active
O1499,C0096,P9008,306.2,USD,completed,2025-09-13,active
O1500,C0018,P9030,520.96,INR,completed,2025-09-01,canceled
O1501,C0095,P9013,182.04,INR,refunded,2025-09-15,active
O1502,C0095,P9038,583.4,USD,refunded,2025-09-05,active
O1503,C0002,P9027,24.11,EUR,completed,2025-09-11,active
O1504,C0001,P9049,397.81,EUR,refunded,2025-09-07,active
O1505,C0136,P9016,257.69,USD,pending,2025-09-23,active
O1506,C0072,P9006,35.9,USD,refunded,2025-09-23,canceled
O1507,C0096,P9030,584.99,USD,completed,2025-09-21,active
O1508,C0101,P9005,359.22,USD,completed,2025-09-08,active
O1509,C0075,P9017,512.04,INR,refunded,2025-09-11,canceled
O1510,C0116,P9018,147.83,USD,completed,2025-09-05,active
O1511,C0028,P9011,275.24,INR,completed,2025-09-25,canceled
O1512,C0054,P9029,191.9,INR,refunded,2025-09-06,active
O1513,C0176,P9020,497.57,EUR,completed,2025-09-27,active
O1514,C0084,P9010,63.82,USD,pending,2025-09-17,canceled
O1515,C0013,P9044,186.32,USD,completed,2025-09-28,canceled
O1516,C0116,P9036,451.37,USD,completed,2025-09-26,active
O1517,C0036,P9008,17.05,USD,completed,2025-09-12,canceled
O1518,C0176,P9041,563.17,USD,completed,2025-09-27,canceled
O1519,C0020,P9002,598.33,USD,pending,2025-09-26,canceled
O1520,C0033,P9006,544.0,INR,completed,2025-09-02,canceled
O1521,C0044,P9037,265.56,EUR,completed,2025-09-13,active
O1522,C0175,P9028,111.96,USD,pending,2025-09-09,canceled
O1523,C0115,P9010,30.44,EUR,completed,2025-09-16,canceled
O1524,C0106,P9036,292.63,USD,completed,2025-09-14,active
O1525,C0052,P9042,531.94,EUR,completed,2025-09-13,active
O1526,C0183,P9023,293.01,INR,completed,2025-09-13,canceled
O1527,C0070,P9012,25.38,EUR,completed,2025-09-02,canceled
O1528,C0121,P9034,220.89,EUR,pending,2025-09-04,active
O1529,C0064,P9043,152.28,EUR,refunded,2025-09-25,active
O1530,C0057,P9037,509.44,INR,completed,2025-09-06,active
O1531,C0061,P9038,197.62,EUR,completed,2025-09-23,active
O1532,C0180,P9023,569.06,EUR,completed,2025-09-27,active
O1533,C0127,P9035,192.34,INR,completed,2025-09-08,active
O1534,C0155,P9015,21.76,INR,completed,2025-09-26,active
O1535,C0034,P9022,432.99,INR,completed,2025-09-19,active
O1536,C0181,P9010,466.88,EUR,refunded,2025-09-12,active
O1537,C0181,P9043,243.4,USD,completed,2025-09-05,canceled
O1538,C0041,P9047,569.73,EUR,pending,2025-09-06,canceled
O1539,C0182,P9036,419.2,EUR,refunded,2025-09-22,active
O1540,C0151,P9012,233.25,EUR,completed,2025-09-06,active
O1541,C0187,P9001,569.78,EUR,completed,2025-09-06,active
O1542,C0155,P9021,553.41,EUR,completed,2025-09-16,active
O1543,C0037,P9022,449.75,USD,completed,2025-09-06,canceled
O1544,C0163,P9006,494.78,EUR,completed,2025-09-15,canceled
O1545,C0003,P9017,133.71,EUR,completed,2025-09-26,canceled
O1546,C0028,P9047,10.76,INR,completed,2025-09-06,canceled
O1547,C0106,P9032,530.24,INR,completed,2025-09-27,active
O1548,C0123,P9037,394.07,EUR,completed,2025-09-03,canceled
O1549,C0009,P9019,21.85,INR,pending,2025-09-11,active
O1550,C0044,P9025,104.93,USD,completed,2025-09-11,active
O1551,C0153,P9040,537.0,EUR,completed,2025-09-20,active
O1552,C0112,P9011,41.6,INR,completed,2025-09-14,active
O1553,C0179,P9036,436.0,EUR,completed,2025-09-10,canceled
O1554,C0061,P9007,39.28,EUR,completed,2025-09-05,canceled
O1555,C0014,P9024,12.25,USD,completed,2025-09-07,canceled
O1556,C0025,P9002,132.1,EUR,completed,2025-09-16,active
O1557,C0030,P9020,473.08,INR,completed,2025-09-03,canceled
O1558,C0165,P9035,238.64,INR,refunded,2025-09-06,canceled
O1559,C0115,P9003,165.34,INR,completed,2025-09-19,canceled
O1560,C0016,P9010,453.82,EUR,completed,2025-09-26,canceled
O1561,C0139,P9027,582.72,EUR,completed,2025-09-27,active
O1562,C0100,P9034,256.99,EUR,completed,2025-09-19,canceled
O1563,C0061,P9031,186.32,INR,pending,2025-09-17,active
O1564,C0147,P9034,482.27,EUR,pending,2025-09-04,active
O1565,C0194,P9029,112.0,USD,pending,2025-09-05,active
O1566,C0011,P9028,56.24,EUR,completed,2025-09-27,active
O1567,C0153,P9017,198.65,EUR,pending,2025-09-03,active
O1568,C0100,P9036,244.44,INR,refunded,2025-09-28,canceled
O1569,C0004,P9045,377.6,EUR,refunded,2025-09-14,active
O1570,C0039,P9010,344.29,EUR,refunded,2025-09-04,active
O1571,C0145,P9050,69.58,INR,refunded,2025-09-29,canceled
O1572,C0106,P9017,236.0,INR,completed,2025-09-02,canceled
O1573,C0045,P9018,247.75,EUR,completed,2025-09-02,canceled
O1574,C0102,P9022,417.4,USD,refunded,2025-09-29,canceled
O1575,C0096,P9002,209.34,INR,completed,2025-09-28,canceled
O1576,C0179,P9044,67.95,USD,completed,2025-09-25,canceled
O1577,C0083,P9018,439.99,EUR,completed,2025-09-15,active
O1578,C0055,P9027,447.16,EUR,refunded,2025-09-17,active
O1579,C0041,P9005,193.56,EUR,completed,2025-09-06,active
O1580,C0050,P9013,503.82,USD,completed,2025-09-12,active
O1581,C0181,P9013,171.65,INR,completed,2025-09-22,active
O1582,C0008,P9016,229.76,EUR,completed,2025-09-19,canceled
O1583,C0142,P9023,213.11,INR,refunded,2025-09-10,active
O1584,C0008,P9025,39.29,EUR,refunded,2025-09-28,active
O1585,C0057,P9042,142.82,USD,completed,2025-09-17,canceled
O1586,C0006,P9050,580.61,EUR,completed,2025-09-21,active
O1587,C0045,P9039,482.51,USD,completed,2025-09-23,canceled
O1588,C0182,P9042,172.47,INR,refunded,2025-09-09,canceled
O1589,C0056,P9030,188.27,EUR,refunded,2025-09-19,canceled
O1590,C0027,P9001,311.79,EUR,pending,2025-09-18,canceled
O1591,C0166,P9039,369.34,INR,completed,2025-09-03,canceled
O1592,C0087,P9018,387.95,INR,completed,2025-09-07,canceled
O1593,C0039,P9034,461.63,USD,refunded,2025-09-22,canceled
O1594,C0082,P9044,92.56,USD,completed,2025-09-09,canceled
O1595,C0108,P9026,239.08,USD,completed,2025-09-11,active
O1596,C0186,P9046,141.19,EUR,completed,2025-09-22,canceled
O1597,C0092,P9033,187.11,USD,refunded,2025-09-10,active
O1598,C0025,P9031,85.49,INR,refunded,2025-09-22,active
O1599,C0086,P9042,62.69,INR,completed,2025-09-14,canceled
O1600,C0085,P9024,163.73,INR,completed,2025-09-16,active
O1601,C0014,P9041,354.31,EUR,completed,2025-09-17,active
O1602,C0031,P9044,235.18,INR,completed,2025-09-05,active
O1603,C0052,P9022,251.42,EUR,refunded,2025-09-05,canceled
O1604,C0081,P9046,116.41,USD,completed,2025-09-11,active
O1605,C0163,P9004,12.78,INR,completed,2025-09-19,active
O1606,C0196,P9011,298.85,USD,completed,2025-09-21,canceled
O1607,C0110,P9026,263.13,INR,completed,2025-09-18,active
O1608,C0052,P9047,230.13,USD,refunded,2025-09-01,active
O1609,C0174,P9001,379.75,USD,completed,2025-09-10,canceled
O1610,C0034,P9007,236.29,EUR,completed,2025-09-27,active
O1611,C0012,P9020,569.59,INR,refunded,2025-09-14,canceled
O1612,C0176,P9009,212.21,INR,completed,2025-09-06,active
O1613,C0104,P9002,144.77,EUR,pending,2025-09-24,active
O1614,C0006,P9038,307.73,USD,completed,2025-09-13,active
O1615,C0164,P9017,465.04,EUR,completed,2025-09-22,active
O1616,C0028,P9042,503.31,USD,completed,2025-09-15,canceled
O1617,C0098,P9008,332.9,INR,refunded,2025-09-23,active
O1618,C0176,P9041,15.49,INR,completed,2025-09-20,canceled
O1619,C0156,P9045,90.93,USD,completed,2025-09-10,active
O1620,C0030,P9007,303.67,EUR,completed,2025-09-27,canceled
O1621,C0134,P9013,221.17,INR,completed,2025-09-18,active
O1622,C0128,P9014,416.04,INR,completed,2025-09-01,active
O1623,C0172,P9006,545.06,EUR,completed,2025-09-03,active
O1624,C0200,P9033,54.28,EUR,completed,2025-09-21,canceled
O1625,C0060,P9030,593.31,INR,completed,2025-09-04,active
O1626,C0045,P9003,512.83,INR,refunded,2025-09-14,canceled
O1627,C0190,P9008,66.05,USD,completed,2025-09-22,active
O1628,C0166,P9011,203.91,INR,pending,2025-09-29,canceled
O1629,C0188,P9006,229.85,INR,completed,2025-09-13,canceled
O1630,C0117,P9018,503.07,EUR,refunded,2025-09-21,canceled
O1631,C0043,P9008,88.18,EUR,completed,2025-09-04,active
O1632,C0107,P9038,294.78,EUR,completed,2025-09-20,active
O1633,C0098,P9050,221.57,USD,refunded,2025-09-16,active
O1634,C0125,P9008,533.68,INR,completed,2025-09-21,canceled
O1635,C0081,P9001,425.7,EUR,completed,2025-09-22,active
O1636,C0087,P9034,318.63,EUR,completed,2025-09-22,canceled
O1637,C0187,P9016,294.34,EUR,completed,2025-09-05,canceled
O1638,C0143,P9040,42.19,EUR,pending,2025-09-28,canceled
O1639,C0127,P9011,54.17,INR,completed,2025-09-09,canceled
O1640,C0013,P9033,141.4,EUR,completed,2025-09-03,active
O1641,C0118,P9029,482.74,INR,completed,2025-09-15,canceled
O1642,C0081,P9008,588.6,EUR,completed,2025-09-13,active
O1643,C0106,P9003,338.71,USD,refunded,2025-09-29,canceled
O1644,C0131,P9036,132.04,EUR,completed,2025-09-12,canceled
O1645,C0014,P9015,508.15,INR,completed,2025-09-23,canceled
O1646,C0169,P9024,432.39,USD,completed,2025-09-01,active
O1647,C0088,P9023,499.63,INR,completed,2025-09-23,canceled
O1648,C0028,P9003,539.16,INR,completed,2025-09-04,canceled
O1649,C0066,P9040,125.59,USD,pending,2025-09-07,canceled
O1650,C0118,P9013,432.9,USD,refunded,2025-09-21,active
O1651,C0173,P9038,82.7,INR,completed,2025-09-16,active
O1652,C0002,P9034,444.37,EUR,pending,2025-09-17,canceled
O1653,C0200,P9012,418.17,USD,refunded,2025-09-04,active
O1654,C0100,P9043,364.32,INR,completed,2025-09-14,canceled
O1655,C0156,P9045,459.8,INR,completed,2025-09-10,canceled
O1656,C0116,P9009,91.53,EUR,refunded,2025-09-27,canceled
O1657,C0180,P9036,517.82,EUR,refunded,2025-09-07,active
O1658,C0054,P9040,431.49,EUR,completed,2025-09-23,active
O1659,C0167,P9012,307.3,EUR,completed,2025-09-25,active
O1660,C0091,P9036,293.42,EUR,pending,2025-09-22,canceled
O1661,C0192,P9035,178.7,INR,refunded,2025-09-01,active
O1662,C0098,P9010,41.31,USD,completed,2025-09-10,active
O1663,C0175,P9017,96.39,USD,completed,2025-09-07,canceled
O1664,C0193,P9035,29.06,INR,completed,2025-09-24,active
O1665,C0166,P9036,239.44,EUR,refunded,2025-09-23,canceled
O1666,C0171,P9004,556.63,INR,completed,2025-09-18,canceled
O1667,C0014,P9001,448.77,USD,completed,2025-09-27,canceled
O1668,C0058,P9041,425.73,EUR,completed,2025-09-25,active
O1669,C0186,P9013,183.56,USD,pending,2025-09-06,active
O1670,C0045,P9048,313.17,INR,completed,2025-09-18,canceled
O1671,C0068,P9009,104.95,INR,completed,2025-09-23,canceled
O1672,C0040,P9003,100.68,INR,completed,2025-09-16,canceled
O1673,C0147,P9036,221.27,EUR,completed,2025-09-06,active
O1674,C0134,P9005,473.89,USD,completed,2025-09-03,canceled
O1675,C0090,P9015,531.2,EUR,completed,2025-09-10,canceled
O1676,C0056,P9049,374.79,INR,pending,2025-09-04,active
O1677,C0172,P9023,272.94,EUR,completed,2025-09-02,active
O1678,C0175,P9021,235.01,USD,completed,2025-09-01,canceled
O1679,C0133,P9050,231.23,EUR,completed,2025-09-10,active
O1680,C0167,P9013,198.98,USD,pending,2025-09-25,active
O1681,C0138,P9035,14.33,USD,completed,2025-09-28,active
O1682,C0176,P9028,503.04,USD,completed,2025-09-21,canceled
O1683,C0019,P9048,414.77,USD,completed,2025-09-02,canceled
O1684,C0023,P9005,42.02,INR,completed,2025-09-09,active
O1685,C0105,P9025,276.16,INR,completed,2025-09-13,active
O1686,C0173,P9008,325.55,EUR,refunded,2025-09-25,active
O1687,C0191,P9038,36.85,USD,completed,2025-09-10,active
O1688,C0176,P9020,367.87,INR,refunded,2025-09-13,canceled
O1689,C0102,P9043,28.18,USD,completed,2025-09-24,active
O1690,C0101,P9035,184.04,EUR,completed,2025-09-01,canceled
O1691,C0142,P9036,93.41,USD,completed,2025-09-18,canceled
O1692,C0141,P9006,189.77,EUR,refunded,2025-09-07,canceled
O1693,C0106,P9042,512.36,USD,completed,2025-09-20,active
O1694,C0065,P9013,77.63,EUR,refunded,2025-09-28,active
O1695,C0193,P9036,282.15,EUR,completed,2025-09-09,active
O1696,C0026,P9013,438.1,INR,pending,2025-09-05,canceled
O1697,C0172,P9042,148.37,INR,completed,2025-09-11,active
O1698,C0125,P9029,203.72,EUR,completed,2025-09-19,active
O1699,C0146,P9024,486.54,INR,completed,2025-09-08,canceled
O1700,C0057,P9046,446.49,INR,completed,2025-09-05,canceled
O1701,C0174,P9047,205.62,INR,completed,2025-09-25,canceled
O1702,C0079,P9032,335.49,USD,completed,2025-09-27,active
O1703,C0072,P9009,535.87,USD,completed,2025-09-24,active
O1704,C0020,P9002,511.26,EUR,completed,2025-09-25,canceled
O1705,C0152,P9014,544.72,EUR,completed,2025-09-21,canceled
O1706,C0199,P9010,225.83,USD,refunded,2025-09-05,canceled
O1707,C0119,P9033,311.14,INR,completed,2025-09-22,active
O1708,C0062,P9040,413.66,EUR,completed,2025-09-06,active
O1709,C0145,P9037,399.05,USD,refunded,2025-09-12,canceled
O1710,C0011,P9015,459.27,USD,completed,2025-09-08,canceled
O1711,C0011,P9043,132.0,INR,completed,2025-09-29,canceled
O1712,C0012,P9003,588.55,INR,completed,2025-09-27,canceled
O1713,C0190,P9017,351.39,EUR,completed,2025-09-12,canceled
O1714,C0151,P9042,539.95,USD,completed,2025-09-08,canceled
O1715,C0133,P9026,218.21,INR,completed,2025-09-29,canceled
O1716,C0155,P9001,306.08,USD,completed,2025-09-03,active
O1717,C0132,P9042,175.68,USD,completed,2025-09-20,canceled
O1718,C0184,P9008,400.05,INR,refunded,2025-09-16,active
O1719,C0173,P9031,292.62,EUR,completed,2025-09-01,canceled
O1720,C0063,P9003,85.45,EUR,completed,2025-09-29,active
O1721,C0147,P9010,42.99,INR,pending,2025-09-20,canceled
O1722,C0145,P9041,20.99,EUR,refunded,2025-09-03,canceled
O1723,C0056,P9029,367.85,INR,refunded,2025-09-08,active
O1724,C0106,P9039,94.2,EUR,refunded,2025-09-20,active
O1725,C0169,P9033,166.07,EUR,completed,2025-09-20,canceled
O1726,C0152,P9005,145.59,INR,completed,2025-09-07,active
O1727,C0134,P9033,413.78,USD,completed,2025-09-16,active
O1728,C0158,P9039,33.03,EUR,completed,2025-09-03,active
O1729,C0124,P9043,86.89,EUR,completed,2025-09-29,active
O1730,C0199,P9044,393.05,EUR,completed,2025-09-23,active
O1731,C0136,P9028,145.4,INR,refunded,2025-09-12,canceled
O1732,C0151,P9048,545.64,EUR,completed,2025-09-05,canceled
O1733,C0066,P9031,461.86,USD,completed,2025-09-09,canceled
O1734,C0049,P9001,428.4,USD,completed,2025-09-17,active
O1735,C0002,P9025,396.18,EUR,refunded,2025-09-12,canceled
O1736,C0028,P9010,261.38,EUR,completed,2025-09-19,canceled
O1737,C0094,P9040,172.58,EUR,completed,2025-09-14,active
O1738,C0142,P9036,294.66,INR,completed,2025-09-09,canceled
O1739,C0079,P9037,213.17,EUR,completed,2025-09-28,active
O1740,C0169,P9008,451.21,INR,refunded,2025-09-04,active
O1741,C0055,P9033,246.33,INR,refunded,2025-09-06,active
O1742,C0100,P9041,13.12,USD,refunded,2025-09-20,canceled
O1743,C0112,P9006,47.81,USD,completed,2025-09-24,active
O1744,C0099,P9026,372.24,EUR,completed,2025-09-25,active
O1745,C0045,P9041,301.68,USD,completed,2025-09-07,canceled
O1746,C0009,P9039,311.22,EUR,completed,2025-09-22,active
O1747,C0010,P9024,151.16,USD,pending,2025-09-09,active
O1748,C0200,P9026,218.35,INR,completed,2025-09-17,active
O1749,C0004,P9048,425.14,USD,completed,2025-09-12,canceled
O1750,C0071,P9015,367.75,USD,completed,2025-09-19,canceled
O1751,C0002,P9017,113.27,EUR,completed,2025-09-17,active
O1752,C0076,P9022,568.74,EUR,pending,2025-09-23,canceled
O1753,C0114,P9025,342.27,USD,refunded,2025-09-22,canceled
O1754,C0118,P9038,518.59,INR,completed,2025-09-13,active
O1755,C0163,P9015,409.38,USD,refunded,2025-09-12,canceled
O1756,C0133,P9035,15.74,INR,completed,2025-09-13,active
O1757,C0173,P9048,494.43,USD,completed,2025-09-16,active
O1758,C0081,P9023,138.95,EUR,completed,2025-09-16,active
O1759,C0189,P9013,148.57,USD,refunded,2025-09-08,active
O1760,C0052,P9016,503.44,INR,completed,2025-09-04,active
O1761,C0021,P9044,573.91,INR,completed,2025-09-28,active
O1762,C0124,P9024,376.19,INR,refunded,2025-09-16,canceled
O1763,C0047,P9049,550.44,INR,completed,2025-09-02,active
O1764,C0135,P9028,292.21,EUR,completed,2025-09-13,canceled
O1765,C0176,P9050,113.13,USD,completed,2025-09-11,canceled
O1766,C0177,P9001,16.97,USD,completed,2025-09-11,active
O1767,C0093,P9040,518.49,USD,completed,2025-09-09,active
O1768,C0121,P9040,212.43,USD,completed,2025-09-14,active
O1769,C0180,P9049,229.66,INR,completed,2025-09-19,active
O1770,C0034,P9037,414.75,USD,refunded,2025-09-18,active
O1771,C0111,P9025,125.68,EUR,completed,2025-09-06,active
O1772,C0108,P9032,89.34,EUR,completed,2025-09-26,canceled
O1773,C0125,P9020,158.07,EUR,completed,2025-09-23,active
O1774,C0042,P9004,137.13,INR,completed,2025-09-15,active
O1775,C0191,P9022,163.26,INR,completed,2025-09-12,canceled
O1776,C0006,P9027,81.53,EUR,pending,2025-09-19,active
O1777,C0148,P9042,392.99,USD,pending,2025-09-12,canceled
O1778,C0084,P9044,311.16,EUR,completed,2025-09-13,active
O1779,C0158,P9019,283.61,USD,refunded,2025-09-14,canceled
O1780,C0162,P9040,347.27,USD,completed,2025-09-08,canceled
O1781,C0081,P9021,395.28,EUR,completed,2025-09-09,canceled
O1782,C0114,P9050,519.06,INR,refunded,2025-09-14,canceled
O1783,C0043,P9012,513.98,USD,refunded,2025-09-24,canceled
O1784,C0180,P9048,57.24,USD,completed,2025-09-03,active
O1785,C0122,P9036,41.76,INR,completed,2025-09-04,active
O1786,C0068,P9040,101.61,EUR,pending,2025-09-10,canceled
O1787,C0059,P9016,445.18,INR,completed,2025-09-17,active
O1788,C0044,P9002,30.74,INR,refunded,2025-09-28,canceled
O1789,C0122,P9030,585.24,EUR,pending,2025-09-05,canceled
O1790,C0179,P9035,114.45,EUR,completed,2025-09-17,canceled
O1791,C0164,P9041,324.93,INR,completed,2025-09-26,active
O1792,C0023,P9029,191.64,INR,completed,2025-09-01,canceled
O1793,C0001,P9034,491.07,USD,completed,2025-09-18,canceled
O1794,C0003,P9045,554.03,INR,completed,2025-09-26,canceled
O1795,C0075,P9039,146.42,USD,completed,2025-09-14,active
O1796,C0144,P9028,242.9,USD,refunded,2025-09-27,canceled
O1797,C0097,P9015,165.16,INR,completed,2025-09-10,canceled
O1798,C0167,P9048,323.85,INR,completed,2025-09-06,active
O1799,C0035,P9019,75.11,INR,completed,2025-09-23,canceled
O1800,C0160,P9032,120.8,USD,completed,2025-09-06,active
O1801,C0027,P9019,168.83,EUR,completed,2025-09-08,active
O1802,C0024,P9010,18.69,USD,completed,2025-09-26,canceled
O1803,C0128,P9024,283.57,USD,completed,2025-09-02,active
O1804,C0069,P9050,241.53,EUR,completed,2025-09-29,active
O1805,C0065,P9025,498.67,USD,pending,2025-09-13,active
O1806,C0198,P9029,155.83,USD,completed,2025-09-17,active
O1807,C0171,P9014,288.97,EUR,pending,2025-09-06,canceled
O1808,C0162,P9047,34.89,EUR,completed,2025-09-16,canceled
O1809,C0164,P9020,127.25,USD,refunded,2025-09-04,active
O1810,C0061,P9041,266.16,USD,completed,2025-09-19,canceled
O1811,C0031,P9026,475.59,USD,pending,2025-09-23,canceled
O1812,C0153,P9010,229.13,USD,completed,2025-09-03,canceled
O1813,C0176,P9040,209.67,EUR,completed,2025-09-21,canceled
O1814,C0040,P9045,326.45,USD,completed,2025-09-11,active
O1815,C0143,P9042,456.45,INR,refunded,2025-09-23,active
O1816,C0097,P9023,437.4,INR,refunded,2025-09-23,canceled
O1817,C0113,P9036,183.88,EUR,completed,2025-09-18,active
O1818,C0090,P9021,442.12,INR,refunded,2025-09-03,active
O1819,C0136,P9010,275.14,INR,completed,2025-09-01,canceled
O1820,C0199,P9041,308.52,EUR,completed,2025-09-20,active
O1821,C0094,P9050,375.92,INR,refunded,2025-09-07,canceled
O1822,C0135,P9044,303.55,EUR,completed,2025-09-11,canceled
O1823,C0105,P9042,199.99,USD,completed,2025-09-02,active
O1824,C0034,P9012,525.36,USD,completed,2025-09-04,active
O1825,C0009,P9037,388.63,INR,completed,2025-09-02,canceled
O1826,C0094,P9015,367.51,USD,completed,2025-09-21,active
O1827,C0126,P9006,286.15,EUR,completed,2025-09-27,canceled
O1828,C0095,P9046,44.4,EUR,completed,2025-09-24,active
O1829,C0019,P9020,55.98,USD,pending,2025-09-04,active
O1830,C0186,P9015,323.68,USD,completed,2025-09-19,active
O1831,C0161,P9012,339.47,EUR,completed,2025-09-25,active
O1832,C0164,P9037,221.2,INR,refunded,2025-09-29,canceled
O1833,C0027,P9011,477.55,EUR,completed,2025-09-22,canceled
O1834,C0041,P9035,599.08,INR,pending,2025-09-18,canceled
O1835,C0084,P9024,253.28,EUR,completed,2025-09-20,canceled
O1836,C0062,P9037,331.92,INR,refunded,2025-09-12,canceled
O1837,C0116,P9029,576.3,USD,refunded,2025-09-20,canceled
O1838,C0005,P9034,89.7,INR,completed,2025-09-07,active
O1839,C0081,P9002,465.2,EUR,refunded,2025-09-04,active
O1840,C0010,P9030,219.84,USD,completed,2025-09-08,active
O1841,C0066,P9020,64.22,INR,completed,2025-09-24,active
O1842,C0020,P9047,201.57,INR,completed,2025-09-20,active
O1843,C0165,P9020,32.05,EUR,completed,2025-09-25,active
O1844,C0086,P9023,529.08,INR,completed,2025-09-28,active
O1845,C0198,P9015,451.13,EUR,pending,2025-09-02,canceled
O1846,C0079,P9034,34.3,EUR,completed,2025-09-17,canceled
O1847,C0179,P9015,100.39,EUR,refunded,2025-09-15,canceled
O1848,C0193,P9039,349.4,USD,completed,2025-09-26,canceled
O1849,C0101,P9010,87.99,USD,completed,2025-09-18,active
O1850,C0103,P9017,60.2,EUR,completed,2025-09-25,active
O1851,C0035,P9031,339.98,INR,completed,2025-09-18,active
O1852,C0158,P9048,319.31,USD,completed,2025-09-11,canceled
O1853,C0176,P9037,62.86,EUR,completed,2025-09-12,canceled
O1854,C0049,P9021,213.27,EUR,completed,2025-09-06,canceled
O1855,C0090,P9040,494.73,INR,completed,2025-09-02,canceled
O1856,C0060,P9013,414.36,USD,refunded,2025-09-04,active
O1857,C0190,P9004,153.4,EUR,pending,2025-09-01,canceled
O1858,C0088,P9045,484.53,INR,completed,2025-09-11,active
O1859,C0054,P9048,327.42,USD,completed,2025-09-18,canceled
O1860,C0124,P9040,440.65,USD,completed,2025-09-13,active
O1861,C0150,P9043,320.81,INR,completed,2025-09-07,canceled
O1862,C0179,P9040,170.06,INR,completed,2025-09-03,active
O1863,C0100,P9043,170.07,EUR,completed,2025-09-01,active
O1864,C0075,P9042,238.05,INR,completed,2025-09-29,active
O1865,C0081,P9032,521.4,EUR,completed,2025-09-17,active
O1866,C0118,P9036,556.55,USD,completed,2025-09-11,canceled
O1867,C0126,P9026,449.19,USD,completed,2025-09-12,canceled
O1868,C0161,P9020,149.36,EUR,completed,2025-09-21,active
O1869,C0066,P9025,535.34,USD,pending,2025-09-08,canceled
O1870,C0039,P9022,539.33,EUR,completed,2025-09-17,canceled
O1871,C0174,P9040,524.89,EUR,completed,2025-09-19,active
O1872,C0040,P9028,582.62,EUR,completed,2025-09-07,active
O1873,C0168,P9009,352.81,EUR,refunded,2025-09-10,active
O1874,C0177,P9046,540.2,USD,completed,2025-09-21,active
O1875,C0145,P9011,197.32,EUR,completed,2025-09-06,active
O1876,C0082,P9010,438.98,INR,refunded,2025-09-14,canceled
O1877,C0078,P9029,449.91,EUR,pending,2025-09-05,canceled
O1878,C0200,P9013,73.0,USD,completed,2025-09-20,canceled
O1879,C0146,P9040,146.24,USD,completed,2025-09-12,active
O1880,C0021,P9045,470.1,USD,completed,2025-09-23,canceled
O1881,C0167,P9024,118.55,INR,completed,2025-09-06,active
O1882,C0050,P9015,29.02,USD,pending,2025-09-08,canceled
O1883,C0191,P9043,593.06,USD,completed,2025-09-28,canceled
O1884,C0158,P9032,415.84,INR,refunded,2025-09-13,canceled
O1885,C0199,P9003,368.68,INR,refunded,2025-09-20,canceled
O1886,C0191,P9037,360.35,EUR,completed,2025-09-17,active
O1887,C0028,P9029,279.57,USD,refunded,2025-09-17,active
O1888,C0138,P9026,590.46,USD,completed,2025-09-07,active
O1889,C0075,P9029,244.84,INR,refunded,2025-09-15,canceled
O1890,C0043,P9028,183.71,USD,completed,2025-09-15,active
O1891,C0166,P9029,63.36,EUR,completed,2025-09-13,active
O1892,C0106,P9021,276.02,USD,completed,2025-09-29,active
O1893,C0117,P9006,157.55,EUR,completed,2025-09-23,active
O1894,C0188,P9008,63.8,EUR,completed,2025-09-03,canceled
O1895,C0135,P9046,236.61,EUR,completed,2025-09-13,active
O1896,C0141,P9025,35.9,USD,pending,2025-09-06,active
O1897,C0038,P9012,463.8,USD,completed,2025-09-24,canceled
O1898,C0197,P9029,180.38,USD,completed,2025-09-07,active
O1899,C0001,P9040,461.58,USD,completed,2025-09-18,canceled
O1900,C0002,P9039,530.79,USD,completed,2025-09-15,canceled
O1901,C0105,P9029,56.85,EUR,completed,2025-09-20,canceled
O1902,C0161,P9036,493.87,USD,completed,2025-09-02,active
O1903,C0168,P9023,31.67,USD,completed,2025-09-11,canceled
O1904,C0023,P9004,74.24,USD,completed,2025-09-20,canceled
O1905,C0170,P9045,422.91,EUR,refunded,2025-09-15,active
O1906,C0192,P9038,222.51,USD,completed,2025-09-11,canceled
O1907,C0095,P9025,493.96,INR,refunded,2025-09-10,active
O1908,C0121,P9009,81.99,INR,completed,2025-09-17,canceled
O1909,C0054,P9045,133.34,USD,completed,2025-09-16,active
O1910,C0186,P9045,366.82,EUR,completed,2025-09-09,canceled
O1911,C0135,P9037,597.06,INR,pending,2025-09-17,canceled
O1912,C0187,P9041,303.67,USD,refunded,2025-09-23,active
O1913,C0075,P9013,10.93,USD,completed,2025-09-24,active
O1914,C0054,P9040,599.4,INR,completed,2025-09-18,canceled
O1915,C0164,P9014,16.67,USD,completed,2025-09-26,canceled
O1916,C0018,P9020,187.17,EUR,completed,2025-09-04,active
O1917,C0176,P9022,211.4,EUR,completed,2025-09-27,active
O1918,C0045,P9013,205.0,INR,pending,2025-09-16,canceled
O1919,C0010,P9042,90.09,USD,completed,2025-09-15,canceled
O1920,C0106,P9048,43.05,EUR,completed,2025-09-18,canceled
O1921,C0138,P9002,132.87,EUR,completed,2025-09-03,canceled
O1922,C0039,P9018,506.04,INR,pending,2025-09-19,active
O1923,C0156,P9025,120.55,USD,refunded,2025-09-23,canceled
O1924,C0081,P9046,28.66,INR,completed,2025-09-12,active
O1925,C0116,P9020,137.52,INR,completed,2025-09-26,canceled
O1926,C0010,P9050,129.24,USD,completed,2025-09-26,active
O1927,C0124,P9033,100.91,INR,pending,2025-09-25,canceled
O1928,C0084,P9010,463.99,USD,refunded,2025-09-07,active
O1929,C0186,P9003,281.03,EUR,refunded,2025-09-01,active
O1930,C0080,P9003,415.36,EUR,refunded,2025-09-15,canceled
O1931,C0012,P9007,317.14,EUR,refunded,2025-09-19,active
O1932,C0195,P9020,386.92,USD,completed,2025-09-10,active
O1933,C0071,P9035,198.3,INR,completed,2025-09-05,canceled
O1934,C0041,P9018,77.53,EUR,completed,2025-09-07,active
O1935,C0139,P9023,334.13,INR,completed,2025-09-19,canceled
O1936,C0063,P9011,52.03,EUR,refunded,2025-09-02,canceled
O1937,C0034,P9002,287.73,EUR,completed,2025-09-02,canceled
O1938,C0023,P9028,241.23,EUR,completed,2025-09-20,canceled
O1939,C0092,P9020,206.08,USD,refunded,2025-09-25,active
O1940,C0196,P9030,345.0,USD,refunded,2025-09-04,canceled
O1941,C0117,P9020,413.84,EUR,refunded,2025-09-08,canceled
O1942,C0058,P9010,518.05,EUR,completed,2025-09-13,canceled
O1943,C0047,P9045,551.19,INR,refunded,2025-09-15,canceled
O1944,C0125,P9002,48.57,USD,completed,2025-09-28,canceled
O1945,C0044,P9019,463.09,EUR,completed,2025-09-13,active
O1946,C0183,P9007,202.26,EUR,completed,2025-09-18,canceled
O1947,C0119,P9026,358.42,USD,completed,2025-09-16,active
O1948,C0099,P9005,211.02,EUR,completed,2025-09-19,canceled
O1949,C0088,P9035,419.54,USD,completed,2025-09-24,active
O1950,C0183,P9037,503.68,USD,completed,2025-09-11,canceled
O1951,C0143,P9007,494.99,USD,completed,2025-09-03,canceled
O1952,C0154,P9007,414.45,EUR,refunded,2025-09-11,canceled
O1953,C0127,P9042,399.5,USD,completed,2025-09-29,active
O1954,C0149,P9049,385.32,USD,refunded,2025-09-15,active
O1955,C0137,P9019,240.09,EUR,completed,2025-09-22,active
O1956,C0082,P9020,346.46,EUR,completed,2025-09-23,canceled
O1957,C0089,P9006,353.81,EUR,pending,2025-09-28,canceled
O1958,C0033,P9019,46.82,EUR,pending,2025-09-23,active
O1959,C0144,P9023,74.72,INR,refunded,2025-09-14,active
O1960,C0180,P9038,242.62,INR,refunded,2025-09-13,canceled
O1961,C0112,P9035,134.62,USD,completed,2025-09-18,active
O1962,C0099,P9024,505.58,USD,completed,2025-09-05,active
O1963,C0003,P9005,392.55,USD,refunded,2025-09-22,canceled
O1964,C0112,P9009,59.95,EUR,refunded,2025-09-29,canceled
O1965,C0179,P9039,558.88,EUR,completed,2025-09-18,canceled
O1966,C0116,P9025,219.63,USD,completed,2025-09-19,active
O1967,C0128,P9047,149.68,EUR,completed,2025-09-02,canceled
O1968,C0010,P9037,295.13,INR,completed,2025-09-23,canceled
O1969,C0021,P9010,440.81,EUR,pending,2025-09-15,canceled
O1970,C0133,P9006,318.78,EUR,completed,2025-09-21,canceled
O1971,C0190,P9043,576.64,USD,completed,2025-09-20,canceled
O1972,C0014,P9022,325.67,USD,completed,2025-09-19,canceled
O1973,C0188,P9022,258.4,INR,completed,2025-09-23,active
O1974,C0153,P9048,189.4,EUR,completed,2025-09-19,canceled
O1975,C0044,P9037,40.46,INR,refunded,2025-09-10,active
O1976,C0125,P9006,84.82,USD,refunded,2025-09-09,canceled
O1977,C0034,P9040,175.77,INR,completed,2025-09-20,active
O1978,C0045,P9038,445.99,EUR,completed,2025-09-09,active
O1979,C0180,P9016,296.1,EUR,refunded,2025-09-03,canceled
O1980,C0038,P9039,561.03,USD,refunded,2025-09-25,canceled
O1981,C0099,P9016,399.79,EUR,completed,2025-09-19,active
O1982,C0188,P9023,42.05,INR,refunded,2025-09-02,active
O1983,C0043,P9030,245.26,INR,completed,2025-09-13,active
O1984,C0175,P9046,240.14,INR,completed,2025-09-01,canceled
O1985,C0074,P9029,235.38,INR,pending,2025-09-04,active
O1986,C0137,P9041,218.76,INR,completed,2025-09-11,canceled
O1987,C0070,P9018,483.37,INR,completed,2025-09-15,canceled
O1988,C0198,P9044,451.96,EUR,completed,2025-09-17,active
O1989,C0087,P9044,417.26,USD,completed,2025-09-22,active
O1990,C0003,P9005,17.06,USD,completed,2025-09-12,canceled
O1991,C0057,P9047,177.15,USD,completed,2025-09-02,active
O1992,C0153,P9043,537.44,USD,pending,2025-09-23,active
O1993,C0031,P9006,515.3,USD,completed,2025-09-29,active
O1994,C0029,P9045,118.72,INR,completed,2025-09-21,active
O1995,C0117,P9018,463.92,EUR,pending,2025-09-09,canceled
O1996,C0042,P9050,53.66,USD,completed,2025-09-02,canceled
O1997,C0067,P9017,114.98,USD,completed,2025-09-20,active
O1998,C0101,P9012,390.84,USD,completed,2025-09-07,canceled
O1999,C0158,P9042,72.69,INR,refunded,2025-09-02,active
O2000,C0019,P9005,347.09,INR,refunded,2025-09-29,active
